Protocol,Statut,Blockchain,Action,Date,Site,Twitter,Note
Hop Exchange,Airdrop Farmable + 90 % chance of an airdrop,Cross-Chain,Use the bridge + be LP + stake the LP,End 2021,https://hop.exchange/,https://twitter.com/HopProtocol,Rumor airdrop RT by the founder
Dex Guru,Airdrop Farmable + 90 % chance of an airdrop,MultiChain,"Make Swaps on Ethereum, Polygon, BSC",Unknown,https://dex.guru/,https://twitter.com/dexguru,To raise funds from Julien Bouteloup who does airdrops all the time
Cowswap,Airdrop Farmable + 90 % chance of an airdrop,Ethereum + xDai,Make swaps + have a Poap + hodl $GNO,End 2021,https://cowswap.exchange/,https://twitter.com/MEVprotection,Airdrop rumor on their twitter + community member + proposal: https://forum.gnosis.io/t/gip-13-gnosis-protocol-token/1529
Paraswap,Airdrop Live,MultiChain,https://medium.com/paraswap/introducing-the-psp-token-to-make-paraswap-even-more-efficient-and-decentralized-c4730e50be72,Unknown,https://paraswap.io/#/?network=polygon,https://twitter.com/paraswap,Big rumors: https://twitter.com/paraswap/status/1439540772865458179?s=21 and https://twitter.com/paraswap/status/1440767449918427136?s=20 and https://twitter.com/FrankResearcher/status/1456992470777188354
Slingshot,Airdrop Farmable,Polygon,Makes swaps,Unknown,https://slingshot.finance/,https://twitter.com/SlingshotCrypto,Speculative + has no token yet
Superfluid,Airdrop Farmable,Polygon + xDai,Use the protocol,Unknown,https://www.superfluid.finance/,https://twitter.com/Superfluid_HQ,Speculative + has no token yet
Botto,Airdrop Live,Ethereum,Own a blue chip nft,Live,https://botto.com/,https://twitter.com/bottoproject,https://twitter.com/ElectionDayMad1/status/1447418648642170882
ApeBoard,Airdrop Farmable,Multichain,Create a profil + make a swap + make a donation,Unknown,https://apeboard.finance/dashboard,https://twitter.com/ape_board,Speculative + has no token yet
Robo vault,Airdrop Farmable + 90 % chance of an airdrop,Fantom,Use vaults,End 2021-2022,https://www.robo-vault.com/,https://twitter.com/robo_vault,"https://docs.robo-vault.com/robovault-v2/untitled, snapshots taken between 1st August and 29th September for V1 vaults and others snapshots are taken everydays"
Artion,Airdrop Farmable,Fantom,Buy and Sell NFTs,Unknown,https://artion.io/,/,This is Andre Cronje behind with Fantom
Elrond,Airdrop Farmable + 90 % chance of an airdrop,Elrond,Have used the testnet (closed) + have participated in the BOY + have stake $EGLD,End 2021,https://elrond.com/,https://twitter.com/ElrondNetwork,Insinuated by the founder via tweets + airdrop MEX already farmable
Wormhole,Airdrop Farmable,Cross-Chain,Use the bridge,Unknown,https://wormholebridge.com/,https://twitter.com/wormholecrypto,Speculative + has no token yet
Metamask,Airdrop Farmable,MultiChain,"Make swaps on Ethereum, Polygon, BSC",Unknown,https://metamask.io/,https://twitter.com/MetaMask,https://twitter.com/ethereumJoseph/status/1457834493469884418
xDefi,Airdrop Farmable,MultiChain,Use the wallet (with invite code only),Unknown,https://www.xdefi.io/,https://twitter.com/xdefi_wallet,Speculative + has no token yet
Opensea,Airdrop Farmable,Multichain,"Use mobil app + buy, sell, make offers on NFTs",Unknown,https://opensea.io/,https://twitter.com/opensea,Big rumors
Arbitrum,Airdrop Farmable,Arbitrum,Use the official bridge (https://bridge.arbitrum.io/) + BC (blockchain),Unknown,https://arbitrum.io/,https://twitter.com/arbitrum,Big rumors + insinuated by these crypto twittos recognized
Optimism,Airdrop Farmable,Optimism,Use the official bridge (https://gateway.optimism.io/) + BC (blockchain),Unknown,https://optimism.io/,https://twitter.com/optimismPBC,Big rumors + insinuated by these crypto twittos recognized
xPollinate,Airdrop Farmable,Multichain,Have use the bridge,Unknown,https://www.xpollinate.io/,https://twitter.com/ConnextNetwork,Speculative + has no token yet
Defi Saver,Airdrop Farmable,Ethereum,Have use the protocol,Unknown,https://defisaver.com/,https://twitter.com/defisaver,Speculative + has no token yet
Kryll,Airdrop Farmable,Ethereum,"Have use the protocol (launch live trading sessions, swap tokens...)",Unknown,https://kryll.io/,https://twitter.com/kryll_io,Rumors + Speculative
Larix,Airdrop Live,Solana,Have lend et borrow,Live,https://projectlarix.com/,https://twitter.com/ProjectLarix,Rumors via private TG groups
Marinade,Airdrop Live,Solana,Have $mSOL,Live,https://marinade.finance/,https://twitter.com/MarinadeFinance,Rumors via private TG groups + https://medium.com/marinade-finance/introducing-mnde-marinades-secret-sauce-4bf5670463fc
Solend,Airdrop Live,Solana,Have lend et borrow,Live,https://solend.fi/,https://twitter.com/solendprotocol,Rumors via private TG groups + twitter: https://twitter.com/defi_airdrops/status/1436852240548040707
Sonar,Airdrop Farmable,Solana,Have used the tracker + make swaps,End 2021,https://sonar.watch/,https://twitter.com/Sonarwatch,https://sonarwatch.medium.com/introducing-sonar-token-8e0a2aa5d63
Symmetry,Airdrop Farmable,Solana,Make swaps,End 2021,https://symmetry.fi/,https://twitter.com/symmetry_fi,Rumors via private TG groups
Digital Eyes,Airdrop Farmable,Solana,Buy or sell an NFT,Unknown,https://digitaleyes.market/,https://twitter.com/DigitalEyesNFT,Speculative
Solanart,Airdrop Farmable,Solana,Buy or sell an NFT,Unknown,https://solanart.io/,https://twitter.com/SolanartNFT,Speculative
Psy Options,Airdrop Farmable,Solana,Buy an option,Unknown,https://psyoptions.io/,https://twitter.com/PsyOptions,Speculative + has no token yet
Francium,Airdrop Farmable,Solana,Use the protocol,Unknown,https://francium.io/,https://twitter.com/Francium_Defi,Speculative + has no token yet
Minswap,Airdrop non Farmable,Cardano,Have make 5 tx,Unknown,https://minswap.org/,https://twitter.com/MinswapDEX,Tweet by the project (currently down)
Adamant,Airdrop Farmable + 90 % chance of an airdrop,Polygon + Arbitrum,Have lock $ADDY,44470,https://adamant.finance/,https://twitter.com/AdamantVault,Tweet by Project: https://adamantfinance.medium.com/adamant-on-arbitrum-4ef79aa5050b
Thales,Airdrop Live,Ethereum + Optimism,Have $SNX stake,Live,https://thalesmarket.io/,https://twitter.com/thalesmarket,Airdrop already live
Lyra,Airdrop Live,Ethereum + Optimism,https://leaps.lyra.finance/leaps/leap-8,Live,https://www.lyra.finance/,https://twitter.com/lyrafinance,https://leaps.lyra.finance/leaps/leap-8
Kwenta,Airdrop Farmable + 90 % chance of an airdrop,Ethereum + Optimism,Have $SNX stake + make swaps,End 2021,https://kwenta.io/,https://twitter.com/kwenta_io,Big rumors
Uniswap,Airdrop Farmable,Optimism + Arbitrum,Have done swaps,Unknown,https://uniswap.org/,https://twitter.com/Uniswap,Speculative because a lot of cash + wants to push Optimism
Foundation,Airdrop Farmable,Ethereum,Have bought an NFT,Unknown,https://foundation.app/,https://twitter.com/foundation_nft,In reference to the Superrare airdrop
Luchadores,Airdrop Farmable + 90 % chance of an airdrop,Ethereum,Have mint and/or hodl a luchador,End 2021,https://luchadores.io/,https://twitter.com/LuchadoresNFT,Airdrop confirm by dev
Zapper,Airdrop Farmable + 90 % chance of an airdrop,Cross-Chain,Do the quests + claim the NFTs,Unknown,https://zapper.fi/fr,https://twitter.com/zapper_fi,Big rumors
pStake,Airdrop Live,Ethereum,Have Stake $XPRT + have stake/hold $ATOM + have use DEFI protocols,Live,https://pstake.finance/,https://twitter.com/pStakeFinance,Airdrop already live
Abracadabra Money,Airdrop Finished,Arbitrum,Have deposited $ETH + mint MIM before September 20th,End 2021,https://abracadabra.money/,https://twitter.com/MIM_Spell,"Airdrop confirmed by the project, protocol to be used before September 19: https://twitter.com/MIM_Spell/status/1438275209262424071"
Handle,Airdrop non Farmable,Testnet Arbitrum,Have mint fixed token before September 21,End 2021,https://handle.fi/,https://twitter.com/handle_fi,"Airdrop confirmed by the project, use the protocol before September 21"
Thorswap,Airdrop Farmable + 90 % chance of an airdrop,Crosschain,Have stake of $RUNE + have used the protocols on it : https://thorswap.medium.com/thor-launch-begins-november-1st-on-thorstarter-94eb11dedd80,End 2021,https://thorswap.finance/,https://twitter.com/THORSwap,https://twitter.com/THORSwap/status/1458087705837985793
Votium,Airdrop Farmable,Ethereum,Have delegated its $CVX,Unknown,https://votium.app/,https://twitter.com/VotiumProtocol,Speculative + has no token yet
Argent,Airdrop Farmable + 90 % chance of an airdrop,Ethereum,Have created the wallet + to have made tx,End 2021,https://www.argent.xyz/,https://twitter.com/argentHQ,Insinuation of a potential token with arrival layers 2 thus potential airdrop
Opyn,Airdrop Farmable,Ethereum,Buy an option,Unknown,https://www.opyn.co/,https://twitter.com/opyn_,Speculative + has no token yet
Ribbon,Airdrop Live,Ethereum,https://ribbonfinance.medium.com/rbn-airdrop-distribution-70b6cb0b870c,Live,https://www.ribbon.finance/,https://twitter.com/ribbonfinance,https://ribbonfinance.medium.com/rbn-airdrop-distribution-70b6cb0b870c
Shell,Airdrop Farmable,Ethereum,Be LP,Unknown,https://www.shellprotocol.io/,https://twitter.com/ShellProtocol,/
Polymarket,Airdrop Farmable,Ethereum,Make a prediction,Unknown,https://polymarket.com/,https://twitter.com/PolymarketHQ,/
Ethereum Name Service,Airdrop Live,Ethereum,Airdrop Live November 8th: claim.ens.domains,Live,https://ens.domains/,https://twitter.com/ensdomains,https://twitter.com/ensdomains/status/1455283001248698376
Celer,Airdrop Farmable,Cross-Chain,Have used the bridge,Unknown,https://www.celer.network/,https://twitter.com/CelerNetwork,Already has a token but can airdrop for bridge users
Element,Airdrop Farmable,Ethereum,Mint future yield token + be LP,Unknown,https://element.fi/,https://twitter.com/element_fi,Retroactive airdrop rumors
Rarity MMO,Airdrop Farmable,Fantom,Play the game,Unknown,https://raritymmo.com/,https://twitter.com/AndreCronjeTech,Watch this video: https://www.youtube.com/watch?v=jrgUY8Cg_gM
Fixed Forex,Airdrop Farmable,Ethereum,Interacting with the protocol,Unknown,https://fixedforex.fi/,https://twitter.com/AndreCronjeTech,There is a farmable token + retroactive airdrop if voted
Rabbit Hole,Airdrop Farmable,MultiChain,Doing the quests,Unknown,https://rabbithole.gg/,https://twitter.com/rabbithole_gg,Big fundraising with the DEFI Mafia
ICE,Airdrop Farmable + 90 % chance of an airdrop,Icon,Have hodl of $ICX,2021/2022,/,https://twitter.com/iceblock_chain,https://medium.com/helloiconworld/the-ice-blockchain-e6ea96adc99 + Airdrop 1/1 ICE/ICX fort probable. Peut être décalé à 2022.
Bitsong,Airdrop Farmable + 90 % chance of an airdrop,Atom,Stake $ATOM,End 2021,https://bitsong.io/,https://twitter.com/BitSongOfficial,Snapshot September or mid-November
Emeris + GravityDEX,Airdrop Farmable + 90 % chance of an airdrop,Atom,Connect to Emeris with Keplr + make swaps + provide liquidity,Unknown,https://emeris.com/,https://twitter.com/emerisHQ,/
Koala (memecoin),Airdrop Farmable + 90 % chance of an airdrop,Atom,Have Stake $ATOM,Unknown,/,https://twitter.com/koala_network,/
Hansum (memecoin),Airdrop Farmable,Atom,Have Stake/hodl $ATOM and $OSMO,Unknown,/,https://twitter.com/HANSUMtoken,/
WarpZone,Airdrop Farmable + 90 % chance of an airdrop,Atom,Have Stake/hodl $ATOM,End 2021,/,/,Airdrop if the proposal 55 passes and snapshot will be taken at that time
Omniflix,Airdrop Farmable + 90 % chance of an airdrop,Atom,Have Stake/hodl $ATOM,Unknown,https://omniflix.network/,https://twitter.com/OmniFlixNetwork,/
Citadel,Airdrop non Farmable,Atom,Have Stake $ATOM + have used the protocol,Unknown,https://citadel.one/,https://twitter.com/CitadelDAO,/
CosmosGamingHub,Airdrop Farmable + 90 % chance of an airdrop,Atom,Have stake $ATOM,44470,/,https://twitter.com/cosmosgaminghub,Snapshot taken in February 2018 + Distribution in October 2021
CosmoStarter,Airdrop Farmable + 90 % chance of an airdrop,Atom,Have stake $ATOM,Unknown,https://cosmostarter.io/,https://twitter.com/Cosmostarterio,Snapshot not taken yet
Ethermint,Airdrop Farmable + 90 % chance of an airdrop,Atom,Have Stake/hodl $ATOM,Unknown,/,https://twitter.com/cosmos,Snapshot not taken yet + Airdrop may be important
Sunny,Airdrop Live,Solana,Have hodl $OSMO,Live,https://app.sunny.ag/,https://twitter.com/SunnyAggregator,Airdrop already live
Sputnik,Airdrop Farmable + 90 % chance of an airdrop,Atom,Have stake $ATOM,Fin 2021,https://sputnik.exchange/,https://twitter.com/SputnikNetwork,Airdrop Q4 2021
Persistence,Airdrop Farmable + 90 % chance of an airdrop,Atom,Have stake $IRIS,Unknown,https://persistence.one/,https://twitter.com/PersistenceOne,/
Junochain,Airdrop Live,Atom,Have hodl $ATOM,44470,https://junochain.com/,https://twitter.com/JunoNetwork,https://stakedrop.junochain.com/
ChihuahuaChain (memecoin),Airdrop Farmable,Atom,Have stake $ATOM or $OSMO,Unknown,https://chi.huahua.wtf/,https://twitter.com/ChihuahuaChain,/
Gnoland,Airdrop Farmable,Atom,Have stake/hodl $ATOM,Unknown,/,/,/
Anchor,Airdrop Live,Terra,Have stake $LUNA $LUNA (for stake $LUNA: https://station.terra.money/staking),Live,https://anchorprotocol.com/,https://twitter.com/anchor_protocol,"Airdrop already live, including for those who stake now: https://docs.anchorprotocol.com/protocol/anchor-token-anc"
Mirror,Airdrop Live,Terra,Have stake $LUNA or hodl $UNI 23/11/2020,Live,https://terra.mirror.finance/,https://twitter.com/mirror_protocol,"Airdrop already live, including for those who stake now : https://medium.com/mirror-protocol/an-introduction-to-mir-token-farming-on-mirror-protocol-21e5c7c0f986"
Pylon,Airdrop Live,Terra,Have stake $LUNA $LUNA (for stake $LUNA: https://station.terra.money/staking),Live,https://www.pylon.money/,https://twitter.com/pylon_protocol,"Airdrop already live, including for those who stake now"
StarTerra,Airdrop Live,Terra,Have stake $LUNA and/or $bLUNA (for stake $LUNA: https://station.terra.money/staking),Live,https://starterra.io/,https://twitter.com/StarTerra_io,Airdrop already live
Loop,Airdrop Live,Terra,Have stake $MINE,Live,https://www.loop.markets/,https://twitter.com/loop_finance,https://medium.com/@StarTerra/loop-finance-x-starterra-airdrop-has-landed-b1b16e94e06d
Talis,Airdrop Farmable + 90 % chance of an airdrop,Terra,Have stake $LUNA on their node (for stake $LUNA: https://station.terra.money/staking),End 2021,https://talis.art/,https://twitter.com/ProtocolTalis,Airdrop announced for those who stake on their node
Orion,Airdrop Farmable + 90 % chance of an airdrop,Terra,Have stake $LUNA $LUNA (for stake $LUNA: https://station.terra.money/staking),2021/2022,https://orion.money/,https://twitter.com/orion_money,https://www.terradrops.io/ and https://lunaairdrops.com/ which announces it on its page
Spar,Airdrop Farmable + 90 % chance of an airdrop,Terra,Have stake $LUNA (for stake $LUNA: https://station.terra.money/staking),2021/2022,https://spar.finance/,https://twitter.com/spar_protocol,https://www.terradrops.io/ and https://lunaairdrops.com/ which announces it on its page
Nebula,Airdrop Farmable + 90 % chance of an airdrop,Terra,Have stake $LUNA $LUNA (for stake $LUNA: https://station.terra.money/staking),2021/2022,/,https://twitter.com/nebula_protocol,https://www.terradrops.io/ and https://lunaairdrops.com/ which announces it on its page
Mars,Airdrop non Farmable,Terra,"(Have stake $LUNA, not sure from the last article), participate in the lockdrop",2021/2022,https://marsprotocol.io/,https://twitter.com/mars_protocol,https://www.terradrops.io/ and https://lunaairdrops.com/ which announces it on its page + article on medium: https://mars-protocol.medium.com/ignition-phase-announcing-the-mars-protocol-lockdrop-and-mars-token-launch-fa5b5160996d
Apollo Dao,Airdrop Farmable + 90 % chance of an airdrop,Terra,Have stake $LUNA $LUNA (for stake $LUNA: https://station.terra.money/staking),2021/2022,https://apollo.farm/,https://twitter.com/ApolloDAO,https://www.terradrops.io/ and https://lunaairdrops.com/ which announces it on its page
Angel,Airdrop Farmable + 90 % chance of an airdrop,Terra,Have stake $LUNA (for stake $LUNA: https://station.terra.money/staking),2021/2022,/,https://twitter.com/angelprotocol,https://www.terradrops.io/ and https://lunaairdrops.com/ which announces it on its page
Lighthouse,Airdrop Farmable,Terra,Have stake $LUNA $LUNA (for stake $LUNA: https://station.terra.money/staking),2021/2022,/,https://twitter.com/lighthousedefi,https://lunaairdrops.com/ which announces it on its page
Prism,Airdrop Farmable,Terra,Have stake $LUNA (for stake $LUNA: https://station.terra.money/staking),2021/2022,https://prismfinance.app/,https://twitter.com/prism_protocol,https://lunaairdrops.com/ which announces it on its page
Swivel,Airdrop Farmable,Ethereum,Use the protocol on the Rinkeby testnet,Inconnue,https://swivel.finance/,https://twitter.com/SwivelFinance,Raise funds from the DEFI Mafia + does not yet have a token + speculative
Levana,Airdrop Farmable + 90 % chance of an airdrop,Terra,Have stake $LUNA (for stake $LUNA: https://station.terra.money/staking),2021/2022,https://levana.finance/,https://twitter.com/Levana_protocol,https://www.terradrops.io/ and https://lunaairdrops.com/ which announces it on its page
Kujira,Airdrop Farmable,Terra,Have stake $LUNA $LUNA (for stake $LUNA: https://station.terra.money/staking),2021/2022,https://dev.kujira.app/,https://twitter.com/TeamKujira,https://lunaairdrops.com/ which announces it on its page
Preserver,Airdrop Farmable,Terra,"Have stake $LUNA (and $ANC), (for stake $LUNA: https://station.terra.money/staking)",2021/2022,/,https://twitter.com/preserver_tefi,https://lunaairdrops.com/ which announces it on its page
Glow,Airdrop Farmable,Terra,"Have stake $LUNA (and $ANC), (for stake $LUNA: https://station.terra.money/staking)",2021/2022,https://www.joinglow.com/,https://twitter.com/glowsavings,https://lunaairdrops.com/ which announces it on its page
Subsidium,Airdrop Farmable,Terra,Have stake $LUNA (for stake $LUNA: https://station.terra.money/staking),2021/2022,https://subsidium.digital/,https://twitter.com/SubsidiumDGTL,https://lunaairdrops.com/ which announces it on its page
Digipharm,Airdrop Farmable,Terra,Have stake $LUNA $LUNA (for stake $LUNA: https://station.terra.money/staking),2021/2022,https://digipharm.io/,https://twitter.com/DigipharmTeam,https://lunaairdrops.com/ which announces it on its page
Local Terra,Airdrop Farmable,Terra,Have stake $LUNA (for stake $LUNA: https://station.terra.money/staking),2021/2022,/,https://twitter.com/local_terra,https://lunaairdrops.com/ which announces it on its page
Bet Terra,Airdrop Farmable,Terra,Have stake $LUNA $LUNA (for stake $LUNA: https://station.terra.money/staking),2021/2022,http://betterra.money/,https://twitter.com/BetTerraMoney,https://lunaairdrops.com/ which announces it on its page
Pluto's Pot,Airdrop Farmable,Terra,Have stake $LUNA (for stake $LUNA: https://station.terra.money/staking),2021/2022,https://plutospot.io/,https://twitter.com/Plutos_Pot,https://lunaairdrops.com/ which announces it on its page
Valkyrie,Airdrop Farmable,Terra,Have stake $LUNA $LUNA (for stake $LUNA: https://station.terra.money/staking),2021/2022,https://valkyrieprotocol.com/,https://twitter.com/valkyrie_money,https://lunaairdrops.com/ which announces it on its page
Crypto11,Airdrop Farmable,Terra,Have stake $LUNA (for stake $LUNA: https://station.terra.money/staking),2021/2022,https://crypto11.me/,https://twitter.com/fantasycrypto11,https://lunaairdrops.com/ which announces it on its page
Tsunami,Airdrop Farmable,Terra,Have stake $LUNA $LUNA (for stake $LUNA: https://station.terra.money/staking),2021/2022,/,https://twitter.com/TsunamiProtocol,https://lunaairdrops.com/ which announces it on its page
Hero,Airdrop Farmable,Terra,Have stake $LUNA (for stake $LUNA: https://station.terra.money/staking),2021/2022,/,https://twitter.com/Hero_NFT_,https://lunaairdrops.com/ which announces it on its page
Neptune,Airdrop Farmable,Terra,Have stake $LUNA (and $ANC),2021/2022,/,https://twitter.com/neptune_finance,https://lunaairdrops.com/ which announces it on its page
White Whale,Airdrop Farmable,Terra,Have stake $LUNA (for stake $LUNA: https://station.terra.money/staking),2021/2022,/,https://twitter.com/WhiteWhaleTerra,https://lunaairdrops.com/ which announces it on its page
TerraWorld,Airdrop Farmable,Terra,Have stake $LUNA (for stake $LUNA: https://station.terra.money/staking),2021/2022,https://terraoffice.world/,https://twitter.com/terraworld_work,https://lunaairdrops.com/ which announces it on its page
Terra Casino,Airdrop Farmable,Terra,Have stake $LUNA (for stake $LUNA: https://station.terra.money/staking),2021/2022,/,https://twitter.com/TerraCasino,https://lunaairdrops.com/ which announces it on its page
Nexus,Airdrop Live,Terra,Have stake $ANC to Anchor Gouvernance and stake $MINE,Live,https://nexusprotocol.app/,https://twitter.com/NexusProtocol,Confirmed by the official twitter in DM
Boba,Airdrop Farmable + 90 % chance of an airdrop,Boba,Bridge $OMG into boba network (https://boba.network/airdrop/),2021,https://boba.network/,https://twitter.com/bobanetwork,https://boba.network/airdrop/
Fractional Art,Airdrop Farmable,Ethereum,Fractional NFT or having a fractional NFT,Unknown,https://fractional.art/,https://twitter.com/fractional_art,Speculative
Curve,Airdrop Farmable + 90 % chance of an airdrop,Ethereum,Hodl $veCRV or $cvxCRV,Unknown,https://curve.fi/usecrv,https://twitter.com/CurveFinance,Airdrop already live with ellipsis (even if you start hodl from veCRV or cvxCRV now) + potentially other aidrops in the future
Debank,Airdrop Farmable,Multichain,Connect your wallet + make swaps,Unknown,https://debank.com/,https://twitter.com/DeBankDeFi,Speculative
Zerion,Airdrop Farmable,Multichain,Have mint the NFT + Use the protocol,Unknown,https://app.zerion.io/,https://twitter.com/zerion_io,Raising funds from the DEFI mafia
TokenSet,Airdrop Farmable,Ethereum + Polygon,Use the protocol,Unknown,https://www.tokensets.com/,https://twitter.com/tokensets,Speculative
Ellipsis,Airdrop Live,BSC,Hodl $veCRV or $cvxCRV,Live,https://ellipsis.finance/,https://twitter.com/Ellipsisfi,"Airdrop already live, claim your $EPS every thursday"
Rekt,Airdrop Farmable,Ethereum,Make a Gitcoin's donation + subscribe to newsletter and enter an Ethereum adress,Unknown,https://www.rekt.news/,https://twitter.com/RektHQ,Some rumors (and we know that Julien often makes airdrops for his projects (even if he says they are not his projects) )
Jarvis,Airdrop Farmable,Polygon,Use the protocol,Unknown,https://app.jarvis.exchange/,https://twitter.com/Jarvis_Network,Some information was unfortunately (or fortunately) lost to my ears
Tinyman,Airdrop Farmable,Algorand,Use the protocol on mainnet (And use the protocol on testnet),Unknown,https://tinyman.org/,https://twitter.com/tinymanorg,Speculative
Subsocial,Airdrop Live,Kusama & Polkadot,"Hodl 1 DOT or 0,1 KSM April 15th and May 21st, 2021",Live,https://app.subsocial.network/claim/dotsama,https://twitter.com/SubsocialChain,/
Angle,Airdrop Farmable,Ethereum,Use the protocol on Rinkeby Testnet,Unknown,https://www.angle.money/,https://twitter.com/AngleProtocol,Julien Bouteloup is close to the project
RealT,Airdrop Farmable + 90 % chance of an airdrop,Ethereum & xDai,Own property tokens,Unknown,https://realt.co/,https://twitter.com/RealTPlatform,Airdrop insinuated on their live
Phantom,Airdrop Farmable,Solana,"Use the wallet (receive tokens, send tokens, swap on their interface)",Unknown,https://phantom.app/,https://twitter.com/phantom,Speculative + has no token yet
Dtravel,Airdrop Farmable,Ethereum,Hosting on Dtravel,Unknown,https://www.dtravel.com/,https://twitter.com/DtravelDAO,Token announced but not yet live
SolRazr,Airdrop Live,Solana,Be whitelist,Live,https://twitter.com/Solrazr_App,https://solrazr.com/,"Be Whitelist before September 28th, 2021: https://medium.com/@SolRazr_App/solrazr-ido-whitelist-is-open-691fe6ea8783"
ThorSwap,Airdrop Farmable + 90 % chance of an airdrop,Multichain,"Many different requirements, vérifiy here",2021,https://twitter.com/THORSwap,https://thorswap.finance/,https://thorswap.medium.com/thorswap-thor-airdrop-instructions-step-1-of-2-whitelisting-2dc6cb024d09
Goldfinch,Airdrop Farmable,Ethereum,Deposit and/or borrow tokens,Unknown,https://goldfinch.finance/,https://twitter.com/goldfinch_fi,Raise funds from the DEFI Mafia + does not yet have a token + speculative
Aztec,Airdrop Farmable + 90 % chance of an airdrop,Aztec ZkSNARK Layer 2,Use Aztec,Unknown,https://aztec.network/,https://twitter.com/aztecnetwork,Speculative + has no token yet
Beta,Airdrop Live,Ethereum,Deposit and/or borrow tokens,2021/2022,https://betafinance.org/,https://twitter.com/beta_finance,Raise funds from the DEFI mafia + airdrop announced: https://medium.com/beta-finance/beta-finance-is-live-on-ethereum-mainnet-f1fc32959f3e
Horizon,Airdrop Farmable,Ethereum,Use the protocol in beta,Unknown,https://beta.horizon.finance/,https://twitter.com/Horizon_Fi,Raise funds from the DEFI Mafia + does not yet have a token + speculative
Gro,Airdrop non Farmable,Ethereum,https://groprotocol.medium.com/gro-4-all-1-of-gro-to-protocol-users-c0d7a0b5670b,Unknown,https://www.gro.xyz/,https://twitter.com/groprotocol?lang=fr,https://groprotocol.medium.com/gro-4-all-1-of-gro-to-protocol-users-c0d7a0b5670b
Unagii,Airdrop Farmable,Ethereum & Tendermint,Use the protocol,Unknown,https://www.unagii.com/,https://twitter.com/unagiidotcom,Speculative + has no token yet
BlockArt,Airdrop Farmable,Ethereum,Have an NFT and/or become a creator and/or a creative developer,Unknown,https://ethblock.art/,https://twitter.com/EthBlockArt,Spéculative
Zeta,Airdrop Farmable,Solana,Use the protocol in alpha,Unknown,https://zeta.markets/,https://twitter.com/ZetaMarkets,Speculative + has no token yet
Drift,Airdrop Farmable,Solana,Long or Short a token on the devnet,Unknown,https://www.drift.trade/,https://twitter.com/DriftProtocol,Speculative + has no token yet
O1,Airdrop Farmable,Solana,Buy an option,Unknown,https://01protocol.com/,https://twitter.com/01_protocol,Speculative + has no token yet
Yield,Airdrop Farmable,Ethereum,Deposit or borrow tokens,Unknown,https://yield.is/,https://twitter.com/yield,Raise funds from the DEFI Mafia + does not yet have a token + speculative
Teller,Airdrop Farmable,Ethereum,Deposit or borrow tokens (currently in alpha) + register on the Polygon waitlist,Unknown,https://www.teller.finance/,https://twitter.com/useteller,Raise funds from the DEFI Mafia + does not yet have a token + speculative
Party,Airdrop Farmable,Ethereum,Join a party and create a party,Unknown,https://www.partybid.app/,https://twitter.com/prtyDAO,Does not have a token yet + rumors on their twitter
Paladin,Airdrop Live,Ethereum,Use the protocol,Unknown,https://www.paladin.vote/,https://twitter.com/Paladin_vote,Raise funds from the DEFI Mafia + does not yet have a token + speculative
Fuji,Airdrop Farmable,Ethereum & Fantom,Use the protocol,Unknown,https://www.fujidao.org/#/,https://twitter.com/FujiFinance,Speculative + has no token yet
Saddle,Airdrop Live,Ethereum,Use the protocol,Unknown,https://saddle.finance/,https://twitter.com/saddlefinance,Raise funds from the DEFI Mafia + does not yet have a token + speculative
Backd,Airdrop Farmable,Ethereum,Use the protocol on Kovan Testnet,Unknown,https://backd.fund/,https://twitter.com/backdfund,Speculative + has no token yet (https://medium.com/@CalendarDefi/airdrop-whitelist-complete-guide-backd-bbf110436c24)
Socean,Airdrop Farmable,Solana,Stake $SOL on their protocol,Unknown,https://www.socean.fi/,https://twitter.com/SoceanFinance,Rumors on their discord
Symphony,Airdrop Farmable + 90 % chance of an airdrop,Polygon,Use the protocol,Unknown,https://symphony.finance/,https://twitter.com/SymphonyFinance,https://twitter.com/SymphonyFinance/status/1438529650183995395 (https://medium.com/@CalendarDefi/airdrop-whitelist-complete-guide-symphony-finance-fa0bb3c6649d)
Axie Infinity,Airdrop Finished,Ethereum & Ronin,Play before 26th October 2020,Distributed,https://axieinfinity.com/,https://twitter.com/AxieInfinity,https://twitter.com/AxieInfinity/status/1443539864658579456
Terraswap,Airdrop Farmable,Terra,Use the protocol,Unknown,https://terraswap.io/,https://twitter.com/terraswap_io,Speculative + has no token yet
BrightID,Airdrop Live,Multichain,https://medium.com/brightid/brightdao-is-here-bdcb198393e,Live,https://www.brightid.org/,https://twitter.com/BrightIDProject,https://medium.com/brightid/brightdao-is-here-bdcb198393e
Sablier,Airdrop Farmable,Ethereum,Use the protocol,Unknown,https://sablier.finance/,https://twitter.com/sablierhq,Speculative + has no token yet
Ante,Airdrop Farmable,Ethereum,Use the protocol,Unknown,https://www.ante.finance/,https://twitter.com/AnteFinance,Speculative + has no token yet
Primitive,Airdrop Farmable,Ethereum,Use the protocol,Unknown,https://primitive.finance/,https://twitter.com/primitivefi,Raise funds from the DEFI Mafia + does not yet have a token + speculative
Qilin,Airdrop Farmable,Ethereum,Use the protocol,Unknown,https://qilin.fi/,https://twitter.com/QilinProtocol,Speculative + has no token yet
Mean,Airdrop Farmable,Ethereum,Use the protocol,Unknown,https://mean.finance/,https://twitter.com/mean_fi,Speculative + has no token yet
Volmex,Airdrop Farmable,Ethereum & Polygon,Use the protocol,Unknown,https://volmex.finance/,https://twitter.com/volmexfinance,Raise funds from the DEFI Mafia + does not yet have a token + speculative
Cozy,Airdrop Farmable,Ethereum,Use the protocol,Unknown,https://www.cozy.finance/,https://twitter.com/cozyfinance,Raise funds from the DEFI Mafia + does not yet have a token + speculative
Charm,Airdrop Farmable,Ethereum,Use the protocol,Unknown,https://charm.fi/,https://twitter.com/charmfinance,Raise funds from the DEFI Mafia + does not yet have a token + speculative
Metapool,Airdrop Farmable,Near,Have stake $NEAR,Unknown,https://metapool.app/,https://twitter.com/meta_pool,Spéculative
Clipper,Airdrop Farmable,Ethereum & Polygon,Use the protocol,Unknown,https://clipper.exchange/,https://twitter.com/Clipper_DEX,Raise funds from the DEFI Mafia + does not yet have a token + speculative
Ondo,Airdrop Farmable,Ethereum,Use the protocol,Unknown,https://ondo.finance/,https://twitter.com/OndoFinance,Raise funds from the DEFI Mafia + does not yet have a token + speculative
Sherlock,Airdrop Farmable,Ethereum,Use the protocol,Unknown,https://sherlock.xyz/,https://twitter.com/sherlockdefi,Raise funds from the DEFI Mafia + does not yet have a token + speculative
Tinlake,Airdrop Farmable,Ethereum,Use the protocol,Unknown,https://tinlake.centrifuge.io/,https://twitter.com/centrifuge,Speculative + has no token yet
Reaper,Airdrop Farmable,Fantom,Use the protocol,Unknown,https://www.reaper.farm/,https://twitter.com/Reaper_Farm,Speculative + has no token yet
Vires,Airdrop Farmable + 90 % chance of an airdrop,Waves,Provide liquidity,44470,https://vires.finance/,https://twitter.com/viresfinance,https://medium.com/vires-finance/vires-token-early-bird-campaign-ed3835be3ad6 (+confirmed by the team in DM)
Parsiq,Airdrop Farmable + 90 % chance of an airdrop,Multichain,Use: https://iq.space/,Q1 2022,https://parsiq.net/en/,https://twitter.com/parsiq_net,https://blog.parsiq.net/1-million-prq-incentive-program/
Geist,Airdrop Live,Fantom,https://medium.com/@geistfantom/pre-launch-announcement-geist-finance-fbfb938afd2f,Live,/,https://twitter.com/GeistFinance,https://medium.com/@geistfantom/pre-launch-announcement-geist-finance-fbfb938afd2f
Bored Ape Yacht Club,Airdrop Farmable + 90 % chance of an airdrop,Ethereum,https://twitter.com/BoredApeYC/status/1446569318540615681,Q1 2022,https://boredapeyachtclub.com/#/,https://twitter.com/BoredApeYC,https://twitter.com/BoredApeYC/status/1446569320314716163
Infinity,Airdrop Live,Ethereum,"Make transaction on OpenSea before October 4th, 2021 11:59PM UTC",Live,https://infinity.xyz/,https://twitter.com/infinitydotxyz,https://medium.com/@infinitydotxyz/announcing-infinity-the-ftx-of-nfts-e0c2930b5f48
Ref Finance,Airdrop Live,Near,https://ref-finance.medium.com/ref-airdrop-for-early-adopters-60f27724b61e,Live,https://app.ref.finance/,https://twitter.com/finance_ref,https://ref-finance.medium.com/ref-airdrop-for-early-adopters-60f27724b61e
SynFutures,Airdrop Farmable,Multichain,Use the protocol,Unknown,https://www.synfutures.com/,https://twitter.com/SynFuturesDefi,Speculative + has no token yet
Hashflow,Airdrop Farmable,Ethereum,Use the protocol,Unknown,https://www.hashflow.com/,https://twitter.com/hashflownetwork,https://twitter.com/hashflownetwork/status/1447627722591653888
Shade Protocol,Airdrop Farmable + 90 % chance of an airdrop,Atom,"Have stake $SCRT, $LUNA, $ATOM",2021,https://shadeprotocol.io/,https://twitter.com/Shade_Protocol,https://medium.com/@CalendarDefi/airdrop-whitelist-complete-guide-shade-protocol-secret-network-2bd71c9bffd6
Rubicon,Airdrop Farmable,Optimism,Use the protocol,Unknown,https://www.rubicon.finance/,https://twitter.com/rubicondefi,Speculative + has no token yet
Umbra,Airdrop Farmable,Ethereum,Use the protocol,Unknown,https://app.umbra.cash/,https://twitter.com/UmbraCash,Speculative + has no token yet
Prysm,Airdrop Farmable,Ethereum,Use the protocol,Unknown,https://beta.prysm.xyz/,https://twitter.com/prysm_xyz,Speculative + has no token yet
Apricot,Airdrop Farmable,Solana,Be an early user on the protocol,Unknown,https://apricot.one/#/,https://twitter.com/ApricotFinance,https://apricotfinance.medium.com/updates-on-mainnet-launch-8f76855cc652
PulseMarket,Airdrop Farmable,Near,Use the protocol,Unknown,https://pulsemarket.eth.link/#!/,https://twitter.com/pulsemarkets,https://twitter.com/pulsemarkets/status/1446615959016460290
Tesr,Airdrop Farmable,Polygon,Deposit in vaults,Unknown,https://tesr.finance/#/,https://twitter.com/tesseract_fi,Speculative + has no token yet
Jupiter,Airdrop Farmable,Solana,Make swaps,Unknown,https://jup.ag/,https://twitter.com/JupiterExchange,Speculative + has no token yet
TerraLand,Airdrop Farmable + 90 % chance of an airdrop,Terra,https://terraland-io.medium.com/terra-land-airdrop-a97bbf0fad60,Q4 2021,https://fcqplatform.com/,https://twitter.com/Terra_Land,https://terraland-io.medium.com/terra-land-airdrop-a97bbf0fad60
Kinetic,Airdrop Farmable + 90 % chance of an airdrop,Terra,https://twitter.com/kinetic_money/status/1449806839596654596,Q4 2021,https://kinetic.money/#/,https://twitter.com/kinetic_money,https://twitter.com/kinetic_money/status/1449806839596654596
Stargaze,Airdrop Farmable + 90 % chance of an airdrop,Cosmos,https://mirror.xyz/stargazezone.eth/h9Bc7jODUrYB1Jw4mve3QEGVkBwBsyVebN6NP7tRl_Y,2021,https://stargaze.zone/,https://twitter.com/stargazezone,https://mirror.xyz/stargazezone.eth/h9Bc7jODUrYB1Jw4mve3QEGVkBwBsyVebN6NP7tRl_Y
Comdex,Airdrop Farmable + 90 % chance of an airdrop,Cosmos,https://blog.comdex.one/comdex-airdrop-campaign-d6b518826e6a?gi=2944c3887d0f,2021,https://comdex.one/home,https://twitter.com/ComdexOfficial,https://blog.comdex.one/comdex-airdrop-campaign-d6b518826e6a?gi=2944c3887d0f
FNDZ,Airdrop Farmable + 90 % chance of an airdrop,Binance Smart Chain,Use the protocol,2021,https://fndz.io/,https://twitter.com/FNDZtoken,https://twitter.com/FNDZtoken/status/1448627651489505282
Hawksight,Airdrop Farmable + 90 % chance of an airdrop,Solana,Use the protocol,2021,https://app.hawksight.co/,https://twitter.com/hawksightco,mentionned by the project on their site: https://app.hawksight.co/
Kanpeki,Airdrop Farmable,Ethereum,Have used V1 of the protocol (before their launch on Fantom and Polygon),2021,https://kanpeki.finance/,https://twitter.com/kanpeki_finance,Some Rumors in their telegram: https://t.me/kanpeki_finance
Desmos,Airdrop Live,Cosmos,Have used Osmosis,2021,https://airdrop.desmos.network/#roadmap,https://twitter.com/DesmosNetwork,https://twitter.com/DesmosNetwork/status/1463917228664008716
Monox,,Ethereum & Polygon,Have provided liqudity,2021,https://monox.finance/home,https://twitter.com/MonoXFinance,https://docs.monox.finance/getting-started/launch-+-airdrop
Blizz,Airdrop Live,Avalanche,Have lock $GEIST on Geist Finance,Live,https://blizz.finance/,https://twitter.com/BlizzFinance,https://medium.com/@blizzavax/launch-announcement-blizz-finance-9a8a7f374588
Zk Sync,Airdrop Farmable,Zk Sync,Have create a wallet,Unknown,https://zksync.io/,https://twitter.com/zksync,Speculative + has no token yet
Growth,Airdrop Farmable + 90 % chance of an airdrop,Avalanche,Hodl $xJOE,Q4 2021,https://growthdefi.com/,https://twitter.com/GrowthDefi,https://growthdefi.medium.com/gro-airdrop-for-xjoe-holders-15d8f2be2a46
Idex,Airdrop Farmable + 90 % chance of an airdrop,Polygon,Have make a swap on Quickswap or Sushi before November 9th or trade more than 200$ on IDex between December 1st and December 10th,Q4 2021,https://idex.io/,https://twitter.com/idexio,https://twitter.com/idexio/status/1458469150364405765
Vex,Airdrop Live,VeChain,Have trade ou provided liquidity on first version of the protocol,Live,https://vexchange.io/swap,https://twitter.com/VexchangeIO,https://www.newsbtc.com/news/vechains-vet-dex-to-launch-governance-token/
Astroport,Airdrop Farmable + 90 % chance of an airdrop,Terra,"Have used Tefi (Defi protocol on Terra, no more details)",Q4 2021,https://astroport.fi/,https://twitter.com/astroport_fi,https://astroport.medium.com/hello-astro-announcing-the-astroport-governance-token-drops-a07a1bf3ed94
Across,Airdrop Farmable,Multichain,Have used the bridge,Unknown,https://across.to/,https://twitter.com/AcrossProtocol,https://twitter.com/AcrossProtocol/status/1458292545318961157
Sacred,Airdrop Farmable + 90 % chance of an airdrop,Ethereum,Have used the protocol on Kovan Testnet,Unknown,https://app.sacred.finance/,https://twitter.com/SacredFinance_,https://sacred.gitbook.io/sacred-finance/scrd-token-supply-and-distribution
Unstoppable Domains,Airdrop Farmable,Multichain,Buy a domain: https://unstoppabledomains.com/?ref=068e27d9fb8a45b,Unknown,https://unstoppabledomains.com/?ref=068e27d9fb8a45b,https://twitter.com/unstoppableweb,Speculative + has no token yet
Sologenic,Airdrop Farmable + 90 % chance of an airdrop,XRP,Hodl $XRP or $SOLO,Q4 2021,https://www.sologenic.com/,https://twitter.com/realSologenic,https://sologenic.medium.com/sologenic-solo-airdrop-guidelines-faq-9b84e52bd169
Praxis,Airdrop Farmable,Ethereum,Complete the tasks and post in the demo channel on their discord: https://discord.gg/NnuCwuxPse,Unknown,https://www.praxissociety.com/,https://twitter.com/PraxisSociety,Speculative
Lum Network,Airdrop Live,Atom,Have stake $ATOM and provided liquidity on Osmosis,Live,https://lum.network/,https://twitter.com/lum_network,https://medium.com/lum-network/lum-token-distribution-launch-schedule-95e2a2ff68a6
Soy Finance,Airdrop Farmable + 90 % chance of an airdrop,Callisto,Have swap or add liquidity on Uniswap on Ethereum or Arbitrum between 16/11 and 30/11,44531,https://soy.finance/,https://twitter.com/Soy_Finance,https://soy-finance.gitbook.io/soy-finance/uniswap-airdrop-sowing-soy
Soy Finance,Airdrop Live,Callisto,Have swap or add liquidity on Sushiwap on Ethereum or Arbitrum between 1/11 and 15/11,Live,https://soy.finance/,https://twitter.com/Soy_Finance,https://soy-finance.gitbook.io/soy-finance/sushiswap-airdrop-sowing-soy
Soy Finance,Airdrop Live,Callisto,Have swap or add liquidity on Pancakeswap on Ethereum or Arbitrum between 16/11 and 30/11,Live,https://soy.finance/,https://twitter.com/Soy_Finance,https://soy-finance.gitbook.io/soy-finance/soy-airdrops/pancakeswap-airdrop-sowing-soy
Soy Finance,Airdrop Live,Callisto,"Have swap on 1inch on Ethereum , BSC or Polygon between 1/12 and 15/12",44531,https://soy.finance/,https://twitter.com/Soy_Finance,https://soy-finance.gitbook.io/soy-finance/1inch-airdrop-sowing-soy
Zigzag,Airdrop Farmable,ZKSync,Have make a swap,Unknown,https://trade.zigzag.exchange/,https://twitter.com/ZigZagExchange,https://twitter.com/defi_airdrops/status/1460936195693846528
Instrumental,Airdrop Farmable + 90 % chance of an airdrop,Multichain,"Have used xpollinate, celer bridge, Hop protocol and Composable Finance's Mosaic",44531,https://www.instrumental.finance/,https://twitter.com/InstrumentalFi,https://twitter.com/InstrumentalFi/status/1464001544165249034
Deversifi,Airdrop Live,Starknet,Have make swaps before November 16th,Unknown,https://deversifi.com/,https://twitter.com/deversifi,https://cdn.discordapp.com/attachments/897596493408661505/913602224825958400/FA703867-433F-4493-9D37-84A1DC00D83C.jpg
Coingecko,Airdrop Farmable,Coingecko,"Claim candies (Go see in the awards, there is something with AaveGotchi)",Unknown,https://www.coingecko.com/fr,https://twitter.com/coingecko,"Not really an airdrop but there are nice gifts from time to time (cometh ship, etc..)"
Coin Market Cap,Airdrop Farmable,Coin Market Cap,Claim diamonds,Unknown,https://coinmarketcap.com/,https://twitter.com/CoinMarketCap,Not really an airdrop but there are nice gifts from time to time